"PersonNumber","FirstName","LastName"
"0","",""
"1","Anna",""
"2","Armando",""
"3","Alicia",""
"4","Mary",""
"32","Monica",""
"103","Dave",""
"105","Ginger",""
"106","Clara",""
"107","Frances",""
"108","Mathew",""
"109","Bonnie",""
"133","Gail",""
"210","Mollie",""
"211","John",""
"212","Marsella",""
"213","Betsey",""
"214","Diana",""
"215","Gerry",""
"234","Sara",""
"316","Ruth",""
"317","Louise",""
"318","Pat",""
"319","Linnea",""
"320","Christina",""
"421","Maureen",""
"422","Carolina",""
"429","Sylvia",""
"430","Laura",""
"523","James",""
"524","Juanita",""
"531","Linnea",""
"625","Marcia",""
"626","Mary",""
"627","Calvert",""
"704","Christian",""
"728","Jessica",""
"900","",""
"901","",""
"902","",""
"903","",""
"904","",""
"905","",""
"906","",""
"0","",""
"1","Bernadette",""
"2","Bonnie",""
"3","Nellie",""
"4","Marilyn",""
"5","Mark",""
"6","Doris",""
"7","Beverly",""
"8","Hattie",""
"9","Anna",""
"10","Mary",""
"11","Annabelle",""
"12","Milton",""
"13","Mildred",""
"14","Kathleen",""
"15","Sharon",""
"16","Louise",""
"17","Marian",""
"18","Jamie",""
"19","Lynda",""
"20","Larry",""
"21","Pauline",""
"22","Laura",""
"23","Mary",""
"24","Maxim",""
"25","Robert",""
"26","Alice",""
"27","Ronald",""
"28","Rowena",""
"29","Sharon",""
"30","Karen",""
"31","Marlene",""
"91","Special",""
"100","",""
"0","",""
"601","Heidi",""
"603","David",""
"605","Heather",""
"606","Shannon",""
"607","Alex",""
"609","Wendy",""
"610","Steven",""
"611","Sue",""
"612","Christine",""
"615","Ryan",""
"616","Josef",""
"617","Michelle",""
"618","David",""
"619","Rebekah",""
"620","Jennifer",""
"621","Helen",""
"623","Katherine",""
"624","Robert",""
"625","Roland",""
"626","Kristina",""
"630","Sean",""
"631","Hugh",""
"632","William",""
"635","Alison",""
"636","Starr",""
"637","Cheryl",""
"640","Kim",""
"641","Sara",""
"644","Brendan",""
"646","Henry",""
"647","Leith",""
"648","",""
"649","Tim",""
"650","Amy",""
"653","Graham",""
"654","",""
"655","",""
"656","",""
"657","",""
"660","",""
"661","",""
"662","",""
"663","",""
"664","",""
"665","",""
"667","",""
"668","",""
"670","Rebecca",""
"671","",""
"672","Bridgette",""
"674","",""
"675","",""
"676","",""
"678","",""
"679","",""
"680","David",""
"681","Michael",""
"683","Tori",""
"684","Yvonne",""
"685","Gregory",""
"688","",""
"689","Samantha",""
"690","Brittany",""
"692","",""
"693","Patrick",""
"694","Cheryl",""
"696","",""
"697","",""
"699","",""
"701","Taylor",""
"702","Bill",""
"703","",""
"704","Kim",""
"705","",""
"706","Daniel",""
"707","Sara",""
"708","Saul",""
"709","Terence",""
"710","Travis",""
"712","Steven",""
"713","Brandon",""
"714","Jeremy",""
"715","Irene",""
"716","",""
"717","",""
"718","",""
"719","Vera",""
"720","",""
"721","Tyler",""
"722","",""
"723","Scott",""
"724","Amy",""
"725","Andrea",""
"727","Beth",""
"728","Mary",""
"729","Kathy",""
"730","Javier",""
"731","Maria",""
"732","",""
"741","Heather",""
"742","",""
"743","Hector",""
"744","Jocelyn",""
"745","",""
"746","Jane",""
"747","Patricia",""
"748","James",""
"749","Ann",""
"750","Kathryn",""
"751","",""
"752","",""
"753","Keith",""
"754","",""
"755","",""
"756","",""
"757","",""
"758","",""
"759","",""
"760","",""
"761","",""
"762","",""
"763","",""
"764","",""
"765","",""
"766","",""
"767","",""
"768","",""
"769","",""
"770","",""
"771","",""
"772","",""
"773","",""
"774","",""
"775","",""
"776","",""
"777","",""
"778","",""
"779","",""
"780","",""
"781","",""
"782","",""
"783","",""
"784","",""
"785","",""
"786","",""
"787","",""
"788","",""
"789","",""
"790","",""
"792","",""
"794","",""
"795","",""
"796","",""
"797","",""
"798","Bonni",""
"800","Brenda",""
"802","",""
"803","Evan",""
"804","Christine",""
"805","Kathy",""
"806","Eleanor",""
"807","Sarah",""
"808","Mindy",""
"809","Bradley",""
"810","Arthur",""
"811","Lennie",""
"812","Cynthia",""
"813","",""
"816","Susan",""
"817","",""
"818","",""
"820","",""
"821","Patrick",""
"822","Dillon",""
"825","",""
"826","Martha",""
"827","Wanda",""
"830","",""
"831","Stanley",""
"834","Chelsea",""
"835","Cindy",""
"836","Dahlia",""
"838","",""
"840","",""
"841","",""
"842","",""
"843","",""
"844","",""
"845","",""
"847","",""
"848","",""
"855","Oscar",""
"856","Michael",""
"857","",""
"858","",""
"859","",""
"863","",""
"865","",""
"876","",""
"877","",""
"878","",""
"882","",""
"885","",""
"888","",""
"893","",""
"915","",""
"916","",""
"917","",""
"918","",""
"919","",""
"920","",""
"921","",""
"922","",""
"923","",""
"924","",""
"925","Ann",""
"929","",""
"934","Samuel",""
"938","Harold",""
"943","Melinda",""
"944","",""
"945","Elisa",""
"946","Carolyn",""
"947","Erin",""
"948","",""
"949","",""
"950","",""
"951","",""
"952","",""
"953","Mariana",""
"954","Megan",""
"955","",""
"956","Jessica",""
"957","Allen",""
"958","Constance",""
"959","Jeanette",""
"960","Rachel",""
"961","Bill",""
